,ds,trend,yhat_lower,yhat_upper,trend_lower,trend_upper,additive_terms,additive_terms_lower,additive_terms_upper,yearly,yearly_lower,yearly_upper,multiplicative_terms,multiplicative_terms_lower,multiplicative_terms_upper,yhat
0,2015-03-31,8213.163209999999,7528.716591903329,10548.768913991838,8213.163209999999,8213.163209999999,866.3234074495662,866.3234074495662,866.3234074495662,866.3234074495662,866.3234074495662,866.3234074495662,0.0,0.0,0.0,9079.486617449566
1,2015-04-30,8592.647151737288,7210.345012529028,10414.261275607678,8592.647151737288,8592.647151737288,271.0559420536972,271.0559420536972,271.0559420536972,271.0559420536972,271.0559420536972,271.0559420536972,0.0,0.0,0.0,8863.703093790986
2,2015-05-31,8984.780558199152,7013.615010684734,10099.914284591958,8984.780558199152,8984.780558199152,-511.265730775284,-511.265730775284,-511.265730775284,-511.265730775284,-511.265730775284,-511.265730775284,0.0,0.0,0.0,8473.514827423869
3,2015-06-30,9364.26449993644,7679.856735203789,10578.373249650762,9364.26449993644,9364.26449993644,-220.57876445920115,-220.57876445920115,-220.57876445920115,-220.57876445920115,-220.57876445920115,-220.57876445920115,0.0,0.0,0.0,9143.685735477238
4,2015-07-31,9756.397907770439,8842.791884136372,11894.574172289233,9756.397907770439,9756.397907770439,656.708320714413,656.708320714413,656.708320714413,656.708320714413,656.708320714413,656.708320714413,0.0,0.0,0.0,10413.106228484852
5,2015-08-31,10148.531315604438,8808.665871664138,11726.365078810028,10148.531315604438,10148.531315604438,89.56823386144248,89.56823386144248,89.56823386144248,89.56823386144248,89.56823386144248,89.56823386144248,0.0,0.0,0.0,10238.09954946588
6,2015-09-30,10528.015258669597,9489.62401148798,12697.647202264536,10528.015258669597,10528.015258669597,516.4859217299119,516.4859217299119,516.4859217299119,516.4859217299119,516.4859217299119,516.4859217299119,0.0,0.0,0.0,11044.50118039951
7,2015-10-31,10920.1486656219,9266.350995480554,12199.013937711119,10920.1486656219,10920.1486656219,-204.48174452080895,-204.48174452080895,-204.48174452080895,-204.48174452080895,-204.48174452080895,-204.48174452080895,0.0,0.0,0.0,10715.666921101092
8,2015-11-30,11299.632607833806,8877.050628010522,11998.136106990723,11299.632607833806,11299.632607833806,-803.2709741106113,-803.2709741106113,-803.2709741106113,-803.2709741106113,-803.2709741106113,-803.2709741106113,0.0,0.0,0.0,10496.361633723194
9,2015-12-31,11691.76601478611,11165.786400670406,14326.360693444285,11691.76601478611,11691.76601478611,998.2723283613157,998.2723283613157,998.2723283613157,998.2723283613157,998.2723283613157,998.2723283613157,0.0,0.0,0.0,12690.038343147426
10,2016-01-31,12084.054094684667,10464.521516650942,13444.165809306282,12084.054094684667,12084.054094684667,-155.83467463045457,-155.83467463045457,-155.83467463045457,-155.83467463045457,-155.83467463045457,-155.83467463045457,0.0,0.0,0.0,11928.219420054213
11,2016-02-29,12451.033266202674,10700.813384235396,13837.187422265093,12451.033266202674,12451.033266202674,-215.13805586539297,-215.13805586539297,-215.13805586539297,-215.13805586539297,-215.13805586539297,-215.13805586539297,0.0,0.0,0.0,12235.895210337281
12,2016-03-31,12843.321346101233,11297.152160388456,14212.162007421726,12843.321346101233,12843.321346101233,-141.11393116683723,-141.11393116683723,-141.11393116683723,-141.11393116683723,-141.11393116683723,-141.11393116683723,0.0,0.0,0.0,12702.207414934395
13,2016-04-30,13223.083175279708,12396.848549030447,15420.310219725046,13223.083175279708,13223.083175279708,651.1347921050602,651.1347921050602,651.1347921050602,651.1347921050602,651.1347921050602,651.1347921050602,0.0,0.0,0.0,13874.217967384768
14,2016-05-31,13615.503732097462,11552.534184496175,14555.974756489757,13615.503732097462,13615.503732097462,-522.6558354730723,-522.6558354730723,-522.6558354730723,-522.6558354730723,-522.6558354730723,-522.6558354730723,0.0,0.0,0.0,13092.84789662439
15,2016-06-30,13995.265561275937,12939.985707638913,15975.896486602327,13995.265561275937,13995.265561275937,439.16182417581905,439.16182417581905,439.16182417581905,439.16182417581905,439.16182417581905,439.16182417581905,0.0,0.0,0.0,14434.427385451756
16,2016-07-31,14387.716356136094,13198.562798078745,16175.705032351863,14387.716356136094,14387.716356136094,328.6334234930246,328.6334234930246,328.6334234930246,328.6334234930246,328.6334234930246,328.6334234930246,0.0,0.0,0.0,14716.34977962912
17,2016-08-31,14780.167150996256,13483.390456086005,16436.733101594597,14780.167150996256,14780.167150996256,185.18251269573742,185.18251269573742,185.18251269573742,185.18251269573742,185.18251269573742,185.18251269573742,0.0,0.0,0.0,14965.349663691994
18,2016-09-30,15159.958242796409,13161.24011938508,16231.283536507164,15159.958242796409,15159.958242796409,-309.2006312308419,-309.2006312308419,-309.2006312308419,-309.2006312308419,-309.2006312308419,-309.2006312308419,0.0,0.0,0.0,14850.757611565567
19,2016-10-31,15553.16575267124,14574.957862269122,17497.709088973985,15553.16575267124,15553.16575267124,472.9668720245102,472.9668720245102,472.9668720245102,472.9668720245102,472.9668720245102,472.9668720245102,0.0,0.0,0.0,16026.13262469575
20,2016-11-30,15933.689149324311,13851.49158610357,16834.077321220662,15933.689149324311,15933.689149324311,-587.8974509442116,-587.8974509442116,-587.8974509442116,-587.8974509442116,-587.8974509442116,-587.8974509442116,0.0,0.0,0.0,15345.791698380099
21,2016-12-31,16326.896659199147,14773.20357632685,17853.274012202644,16326.896659199147,16326.896659199147,-14.833731992956796,-14.833731992956796,-14.833731992956796,-14.833731992956796,-14.833731992956796,-14.833731992956796,0.0,0.0,0.0,16312.06292720619
22,2017-01-31,16720.26018478281,16178.266425850923,19276.47573812259,16720.26018478281,16720.26018478281,1015.0556611362565,1015.0556611362565,1015.0556611362565,1015.0556611362565,1015.0556611362565,1015.0556611362565,0.0,0.0,0.0,17735.315845919064
23,2017-02-28,17075.55627240676,15392.128427768925,18475.92944990843,17075.55627240676,17075.55627240676,-176.16716540480758,-176.16716540480758,-176.16716540480758,-176.16716540480758,-176.16716540480758,-176.16716540480758,0.0,0.0,0.0,16899.389107001953
24,2017-03-31,17468.919797990424,16241.574039916,19274.342105224623,17468.919797990424,17468.919797990424,195.73216321957577,195.73216321957577,195.73216321957577,195.73216321957577,195.73216321957577,195.73216321957577,0.0,0.0,0.0,17664.65196121
25,2017-04-30,17849.59418061687,16902.129583740276,19890.362696294687,17849.59418061687,17849.59418061687,530.1389624071468,530.1389624071468,530.1389624071468,530.1389624071468,530.1389624071468,530.1389624071468,0.0,0.0,0.0,18379.733143024016
26,2017-05-31,18242.95770933087,16209.289452042658,19178.24416983448,18242.95770933087,18242.95770933087,-516.6388901234022,-516.6388901234022,-516.6388901234022,-516.6388901234022,-516.6388901234022,-516.6388901234022,0.0,0.0,0.0,17726.318819207467
27,2017-06-30,18623.63209195732,17274.09375644203,20291.160993109777,18623.63209195732,18623.63209195732,217.2193130711058,217.2193130711058,217.2193130711058,217.2193130711058,217.2193130711058,217.2193130711058,0.0,0.0,0.0,18840.851405028425
28,2017-07-31,19016.995622402905,17973.601853698412,20972.39605672156,19016.995622402905,19016.995622402905,434.1357354142179,434.1357354142179,434.1357354142179,434.1357354142179,434.1357354142179,434.1357354142179,0.0,0.0,0.0,19451.13135781712
29,2017-08-31,19410.35915284849,18040.5022682073,21113.342936068882,19410.35915284849,19410.35915284849,150.63094542870448,150.63094542870448,150.63094542870448,150.63094542870448,150.63094542870448,150.63094542870448,0.0,0.0,0.0,19560.990098277194
30,2017-09-30,19791.03353715067,18262.142488831214,21285.784679816556,19791.03353715067,19791.03353715067,-30.775488144786408,-30.775488144786408,-30.775488144786408,-30.775488144786408,-30.775488144786408,-30.775488144786408,0.0,0.0,0.0,19760.258049005883
31,2017-10-31,20184.39706783519,18864.05581393256,21907.229280267173,20184.39706783519,20184.39706783519,251.64935093130768,251.64935093130768,251.64935093130768,251.64935093130768,251.64935093130768,251.64935093130768,0.0,0.0,0.0,20436.0464187665
32,2017-11-30,20565.071452368597,18411.262105645576,21503.213946625492,20565.071452368597,20565.071452368597,-664.9277620784452,-664.9277620784452,-664.9277620784452,-664.9277620784452,-664.9277620784452,-664.9277620784452,0.0,0.0,0.0,19900.14369029015
33,2017-12-31,20958.43498305312,19759.178597967435,22844.335578580132,20958.43498305312,20958.43498305312,326.63084414796907,326.63084414796907,326.63084414796907,326.63084414796907,326.63084414796907,326.63084414796907,0.0,0.0,0.0,21285.06582720109
34,2018-01-31,21351.798359516775,20353.848761115594,23573.905210101162,21351.798359516775,21351.798359516775,628.2425068428121,628.2425068428121,628.2425068428121,628.2425068428121,628.2425068428121,628.2425068428121,0.0,0.0,0.0,21980.040866359588
35,2018-02-28,21707.094312451685,19974.529951555738,23025.217458263545,21707.094312451685,21707.094312451685,-128.57389448207263,-128.57389448207263,-128.57389448207263,-128.57389448207263,-128.57389448207263,-128.57389448207263,0.0,0.0,0.0,21578.520417969612
36,2018-03-31,22100.45768891534,21119.10680136707,24151.399464369348,22100.45768891534,22100.45768891534,531.6723900121307,531.6723900121307,531.6723900121307,531.6723900121307,531.6723900121307,531.6723900121307,0.0,0.0,0.0,22632.130078927472
37,2018-04-30,22481.055943045983,21280.241576430246,24384.00517220981,22481.055943045983,22481.055943045983,403.4239418593386,403.4239418593386,403.4239418593386,403.4239418593386,403.4239418593386,403.4239418593386,0.0,0.0,0.0,22884.479884905322
38,2018-05-31,22874.340805647644,20932.91304613951,23856.157155275338,22874.340805647644,22874.340805647644,-512.8722553979738,-512.8722553979738,-512.8722553979738,-512.8722553979738,-512.8722553979738,-512.8722553979738,0.0,0.0,0.0,22361.46855024967
39,2018-06-30,23254.938143989504,21716.63068908746,24743.401549260194,23254.938143989504,23254.938143989504,-2.7720756964792552,-2.7720756964792552,-2.7720756964792552,-2.7720756964792552,-2.7720756964792552,-2.7720756964792552,0.0,0.0,0.0,23252.166068293023
40,2018-07-31,23648.2220602761,22731.072641288047,25734.325626383103,23648.2220602761,23648.2220602761,543.514184560406,543.514184560406,543.514184560406,543.514184560406,543.514184560406,543.514184560406,0.0,0.0,0.0,24191.736244836506
41,2018-08-31,24041.505976562694,22615.755838567027,25842.04568426408,24041.505976562694,24041.505976562694,118.78038860293879,118.78038860293879,118.78038860293879,118.78038860293879,118.78038860293879,118.78038860293879,0.0,0.0,0.0,24160.286365165633
42,2018-09-30,24422.10331587705,23140.007690146136,26133.24317147727,24422.10331587705,24422.10331587705,244.5394097310957,244.5394097310957,244.5394097310957,244.5394097310957,244.5394097310957,244.5394097310957,0.0,0.0,0.0,24666.642725608148
43,2018-10-31,24815.387233168552,23319.497953829043,26399.270016270722,24815.387233168552,24815.387233168552,25.765229785257535,25.765229785257535,25.765229785257535,25.765229785257535,25.765229785257535,25.765229785257535,0.0,0.0,0.0,24841.15246295381
44,2018-11-30,25195.984572482907,22949.01331543177,25964.12951185098,25195.984572482907,25195.984572482907,-736.7376647553014,-736.7376647553014,-736.7376647553014,-736.7376647553014,-736.7376647553014,-736.7376647553014,0.0,0.0,0.0,24459.246907727604
45,2018-12-31,25589.268490072314,24730.62473492137,27862.213753048458,25589.268490072314,25589.268490072314,664.4177789320809,664.4177789320809,664.4177789320809,664.4177789320809,664.4177789320809,664.4177789320809,0.0,0.0,0.0,26253.686269004396
46,2019-01-31,25982.552407661726,24640.88040301092,27793.279995660516,25982.552407661726,25982.552407661726,237.8201717836499,237.8201717836499,237.8201717836499,237.8201717836499,237.8201717836499,237.8201717836499,0.0,0.0,0.0,26220.372579445375
47,2019-02-28,26337.77659129087,24822.30001167956,27760.554533560822,26337.77659129087,26337.77659129087,-72.42859980626413,-72.42859980626413,-72.42859980626413,-72.42859980626413,-72.42859980626413,-72.42859980626413,0.0,0.0,0.0,26265.347991484607
48,2019-03-31,26731.06050683773,26155.039780457548,29093.83033655006,26731.06050683773,26731.06050683773,866.3234074461158,866.3234074461158,866.3234074461158,866.3234074461158,866.3234074461158,866.3234074461158,0.0,0.0,0.0,27597.383914283844
49,2019-04-30,27111.657844463716,25722.957744304687,28836.105854041787,27111.657844463716,27111.657844463716,271.05594205470675,271.05594205470675,271.05594205470675,271.05594205470675,271.05594205470675,271.05594205470675,0.0,0.0,0.0,27382.713786518423
50,2019-05-31,27504.94176001057,25464.592204441837,28439.26188894381,27504.94176001057,27504.94176001057,-511.26573077461626,-511.26573077461626,-511.26573077461626,-511.26573077461626,-511.26573077461626,-511.26573077461626,0.0,0.0,0.0,26993.676029235954
51,2019-06-30,27885.53909613727,26152.02805396255,29212.92323471423,27885.53909613727,27885.53909613727,-220.5787644569433,-220.5787644569433,-220.5787644569433,-220.5787644569433,-220.5787644569433,-220.5787644569433,0.0,0.0,0.0,27664.960331680326
52,2019-07-31,28278.823010134867,27359.852598923302,30449.856092703787,28278.823010134867,28278.823010134867,656.708320711557,656.708320711557,656.708320711557,656.708320711557,656.708320711557,656.708320711557,0.0,0.0,0.0,28935.531330846425
53,2019-08-31,28672.106924132455,27261.647650446364,30243.403169131925,28672.106924132455,28672.106924132455,89.56823386003738,89.56823386003738,89.56823386003738,89.56823386003738,89.56823386003738,89.56823386003738,0.0,0.0,0.0,28761.675157992493
54,2019-09-30,29052.704261480827,28007.71197589941,31061.914241726714,29052.704261480827,29052.704261480827,516.4859217289672,516.4859217289672,516.4859217289672,516.4859217289672,516.4859217289672,516.4859217289672,0.0,0.0,0.0,29569.190183209794
55,2019-10-31,29445.98817674082,27668.626604442925,30726.86364869121,29445.98817674082,29445.98817674082,-204.48174451984156,-204.48174451984156,-204.48174451984156,-204.48174451984156,-204.48174451984156,-204.48174451984156,0.0,0.0,0.0,29241.506432220976
56,2019-11-30,29826.585514089187,27553.821458951657,30575.048552673834,29826.585514089187,29826.585514089187,-803.2709741101618,-803.2709741101618,-803.2709741101618,-803.2709741101618,-803.2709741101618,-803.2709741101618,0.0,0.0,0.0,29023.314539979026
57,2019-12-31,30219.869428492228,29717.417219898754,32680.60310864263,30219.869428492228,30219.869428492228,998.2723283582203,998.2723283582203,998.2723283582203,998.2723283582203,998.2723283582203,998.2723283582203,0.0,0.0,0.0,31218.141756850448
58,2020-01-31,30613.153342895275,28888.17473332458,31965.462169066235,30613.153342895275,30613.153342895275,-155.83467463280473,-155.83467463280473,-155.83467463280473,-155.83467463280473,-155.83467463280473,-155.83467463280473,0.0,0.0,0.0,30457.31866826247
59,2020-02-29,30981.064101530385,29315.576902030185,32343.596132631104,30981.064101530385,30981.064101530385,-215.1380558654397,-215.1380558654397,-215.1380558654397,-215.1380558654397,-215.1380558654397,-215.1380558654397,0.0,0.0,0.0,30765.926045664946
60,2020-03-31,31374.349696606598,29721.759745655414,32853.831962751785,31374.349696606598,31374.349696606598,-141.11393116818238,-141.11393116818238,-141.11393116818238,-141.11393116818238,-141.11393116818238,-141.11393116818238,0.0,0.0,0.0,31233.235765438414
61,2020-04-30,31754.948659583584,30950.99784010103,33871.57270703365,31754.948659583584,31754.948659583584,651.1347921058783,651.1347921058783,651.1347921058783,651.1347921058783,651.1347921058783,651.1347921058783,0.0,0.0,0.0,32406.08345168946
62,2020-05-31,32148.2342546598,30071.655029278874,33165.435433458886,32148.2342546598,32148.2342546598,-522.6558354728945,-522.6558354728945,-522.6558354728945,-522.6558354728945,-522.6558354728945,-522.6558354728945,0.0,0.0,0.0,31625.578419186906
63,2020-06-30,32528.835558425606,31366.26737314196,34542.9817496438,32528.835558425606,32528.835558425606,439.1618241766483,439.1618241766483,439.1618241766483,439.1618241766483,439.1618241766483,439.1618241766483,0.0,0.0,0.0,32967.997382602254
64,2020-07-31,32922.12357231693,31675.991032883914,34705.03928357485,32922.12357231693,32922.12357231693,328.6334234919427,328.6334234919427,328.6334234919427,328.6334234919427,328.6334234919427,328.6334234919427,0.0,0.0,0.0,33250.75699580887
65,2020-08-31,33315.41158620825,32013.802180805695,35074.38635661566,33315.41158620825,33315.41158620825,185.18251269464392,185.18251269464392,185.18251269464392,185.18251269464392,185.18251269464392,185.18251269464392,0.0,0.0,0.0,33500.59409890289
66,2020-09-30,33696.14956159839,31974.626669389912,34954.176790919046,33696.14956159839,33696.14956159839,-309.20063123239305,-309.20063123239305,-309.20063123239305,-309.20063123239305,-309.20063123239305,-309.20063123239305,0.0,0.0,0.0,33386.948930365994
67,2020-10-31,34089.57880283487,32955.680888860195,36088.68216793319,34089.57880283487,34089.57880283487,472.96687202259665,472.96687202259665,472.96687202259665,472.96687202259665,472.96687202259665,472.96687202259665,0.0,0.0,0.0,34562.545674857465
68,2020-11-30,34470.31677822501,32131.59297285725,35388.353795945346,34470.31677822501,34470.31677822501,-587.8974509442285,-587.8974509442285,-587.8974509442285,-587.8974509442285,-587.8974509442285,-587.8974509442285,0.0,0.0,0.0,33882.41932728078
69,2020-12-31,34986.752597829065,33377.784569652096,36536.559898527645,34986.752597829065,34986.752597829065,-14.83373199061121,-14.83373199061121,-14.83373199061121,-14.83373199061121,-14.83373199061121,-14.83373199061121,0.0,0.0,0.0,34971.91886583845
70,2021-01-31,35503.188417433135,35026.7072595267,37901.85145307753,35503.188417433135,35503.188417433135,1015.055661135258,1015.055661135258,1015.055661135258,1015.055661135258,1015.055661135258,1015.055661135258,0.0,0.0,0.0,36518.244078568394
71,2021-02-28,35969.64657707553,34321.023191564695,37307.20173162239,35969.64657707553,35969.64657707553,-176.1671654040202,-176.1671654040202,-176.1671654040202,-176.1671654040202,-176.1671654040202,-176.1671654040202,0.0,0.0,0.0,35793.47941167151
72,2021-03-31,37806.474578130874,36506.22826068503,39450.761555974255,37806.474578130874,37806.474578130874,195.73216321867017,195.73216321867017,195.73216321867017,195.73216321867017,195.73216321867017,195.73216321867017,0.0,0.0,0.0,38002.206741349546
73,2021-04-30,39584.05006302312,38629.99421723959,41676.74378092758,39584.05006302312,39584.05006302312,530.1389624058164,530.1389624058164,530.1389624058164,530.1389624058164,530.1389624058164,530.1389624058164,0.0,0.0,0.0,40114.18902542893
74,2021-05-31,41420.87806407846,39397.57456049215,42397.536544608774,41420.87806407846,41420.87806407846,-516.6388901243856,-516.6388901243856,-516.6388901243856,-516.6388901243856,-516.6388901243856,-516.6388901243856,0.0,0.0,0.0,40904.239173954076
75,2021-06-30,43198.62208837445,41969.04405560519,44838.09133684404,43198.62208837445,43198.62208837445,217.21931307099356,217.21931307099356,217.21931307099356,217.21931307099356,217.21931307099356,217.21931307099356,0.0,0.0,0.0,43415.84140144545
76,2021-07-31,45035.624246813626,43866.072486076315,46948.48944545957,45035.624246813626,45035.624246813626,434.13573541330004,434.13573541330004,434.13573541330004,434.13573541330004,434.13573541330004,434.13573541330004,0.0,0.0,0.0,45469.759982226926
77,2021-08-31,46872.6264052528,45500.80617890231,48497.56457936314,46872.6264052528,46872.6264052528,150.63094542831098,150.63094542831098,150.63094542831098,150.63094542831098,150.63094542831098,150.63094542831098,0.0,0.0,0.0,47023.25735068111
78,2021-09-30,48650.37042954877,46947.57529202079,50164.57599435466,48650.37042954877,48650.37042954877,-30.775488147336528,-30.775488147336528,-30.775488147336528,-30.775488147336528,-30.775488147336528,-30.775488147336528,0.0,0.0,0.0,48619.59494140143
79,2021-10-31,50487.37258798794,49273.12927995361,52270.58838479775,50487.37258798794,50487.37258798794,251.64935093149757,251.64935093149757,251.64935093149757,251.64935093149757,251.64935093149757,251.64935093149757,0.0,0.0,0.0,50739.02193891944
80,2021-11-30,52265.11661228393,50058.333873026975,53107.85798490647,52265.11661228393,52265.11661228393,-664.9277620790676,-664.9277620790676,-664.9277620790676,-664.9277620790676,-664.9277620790676,-664.9277620790676,0.0,0.0,0.0,51600.18885020486
81,2021-12-31,54102.1187707231,52965.326051306634,55890.182925279674,54102.1187707231,54102.1187707231,326.63084414803313,326.63084414803313,326.63084414803313,326.63084414803313,326.63084414803313,326.63084414803313,0.0,0.0,0.0,54428.749614871136
82,2022-01-31,55939.12092916227,55186.59688123321,58071.66908455513,55939.12092916227,55939.12092916227,628.2425068425175,628.2425068425175,628.2425068425175,628.2425068425175,628.2425068425175,628.2425068425175,0.0,0.0,0.0,56567.36343600479
83,2022-02-28,57598.34868517184,55972.308933915105,58944.60820015105,57598.34868517184,57598.34868517184,-128.57389448202477,-128.57389448202477,-128.57389448202477,-128.57389448202477,-128.57389448202477,-128.57389448202477,0.0,0.0,0.0,57469.774790689815
84,2022-03-31,59435.35084361103,58438.99952074734,61482.137729152535,59435.35084361103,59435.35084361103,531.6723900114214,531.6723900114214,531.6723900114214,531.6723900114214,531.6723900114214,531.6723900114214,0.0,0.0,0.0,59967.02323362245
85,2022-04-30,61213.094867907,60098.86740499652,63092.023354982564,61213.094867907,61213.094867907,403.4239418588366,403.4239418588366,403.4239418588366,403.4239418588366,403.4239418588366,403.4239418588366,0.0,0.0,0.0,61616.51880976583
86,2022-05-31,63050.09702634617,60929.182037695056,64034.257086564605,63050.09702634617,63050.09702634617,-512.8722553964202,-512.8722553964202,-512.8722553964202,-512.8722553964202,-512.8722553964202,-512.8722553964202,0.0,0.0,0.0,62537.22477094975
87,2022-06-30,64827.841050642164,63354.62096712472,66389.87593854238,64827.841050642164,64827.841050642164,-2.772075697165782,-2.772075697165782,-2.772075697165782,-2.772075697165782,-2.772075697165782,-2.772075697165782,0.0,0.0,0.0,64825.068974944996
88,2022-07-31,66664.84320908133,65669.0965591084,68715.03690006815,66664.84320908133,66664.84320908133,543.5141845612366,543.5141845612366,543.5141845612366,543.5141845612366,543.5141845612366,543.5141845612366,0.0,0.0,0.0,67208.35739364257
89,2022-08-31,68501.84536752051,67042.47506614469,70113.0235941841,68501.84536752051,68501.84536752051,118.78038860272132,118.78038860272132,118.78038860272132,118.78038860272132,118.78038860272132,118.78038860272132,0.0,0.0,0.0,68620.62575612323
90,2022-09-30,70279.5893918165,68980.41513653872,72031.76061489055,70279.5893918165,70279.5893918165,244.53940973389763,244.53940973389763,244.53940973389763,244.53940973389763,244.53940973389763,244.53940973389763,0.0,0.0,0.0,70524.1288015504
91,2022-10-31,72116.59155025567,70639.48153371035,73743.21069404717,72116.59155025567,72116.59155025567,25.765229786477153,25.765229786477153,25.765229786477153,25.765229786477153,25.765229786477153,25.765229786477153,0.0,0.0,0.0,72142.35678004216
92,2022-11-30,73894.33557455162,71621.21205699189,74775.98887388183,73894.33557455162,73894.33557455162,-736.7376647561687,-736.7376647561687,-736.7376647561687,-736.7376647561687,-736.7376647561687,-736.7376647561687,0.0,0.0,0.0,73157.59790979544
93,2022-12-31,75731.33773299081,75016.2270999142,77927.95357896955,75731.33773299081,75731.33773299081,664.4177789287479,664.4177789287479,664.4177789287479,664.4177789287479,664.4177789287479,664.4177789287479,0.0,0.0,0.0,76395.75551191956
94,2023-01-31,77568.33989143,76369.08470101519,79370.91465309015,77561.74426762603,77577.74237848083,237.8201717861627,237.8201717861627,237.8201717861627,237.8201717861627,237.8201717861627,237.8201717861627,0.0,0.0,0.0,77806.16006321617
95,2023-02-28,79227.56764743954,77484.17641125261,80687.52724257407,79182.26592189353,79276.0878092808,-72.42859980521298,-72.42859980521298,-72.42859980521298,-72.42859980521298,-72.42859980521298,-72.42859980521298,0.0,0.0,0.0,79155.13904763434
96,2023-03-31,81064.56980587874,80435.7281836458,83480.85870531775,80958.10345263513,81179.91308315472,866.3234074503885,866.3234074503885,866.3234074503885,866.3234074503885,866.3234074503885,866.3234074503885,0.0,0.0,0.0,81930.89321332912
97,2023-04-30,82842.31383017472,81546.41238359886,84611.94467716083,82653.94961402923,83038.90015375747,271.05594205396153,271.05594205396153,271.05594205396153,271.05594205396153,271.05594205396153,271.05594205396153,0.0,0.0,0.0,83113.36977222869
98,2023-05-31,84679.31598861389,82578.41165783287,85663.68867558289,84379.81115309522,84977.67271805066,-511.26573077500996,-511.26573077500996,-511.26573077500996,-511.26573077500996,-511.26573077500996,-511.26573077500996,0.0,0.0,0.0,84168.05025783888
99,2023-06-30,86457.06001290987,84718.6172020023,87828.07302544825,86052.31082663444,86882.57281644305,-220.5787644596974,-220.5787644596974,-220.5787644596974,-220.5787644596974,-220.5787644596974,-220.5787644596974,0.0,0.0,0.0,86236.48124845017
100,2023-07-31,88294.06217134903,87418.7020555482,90514.46416812946,87763.62122100082,88835.45925637873,656.7083207144598,656.7083207144598,656.7083207144598,656.7083207144598,656.7083207144598,656.7083207144598,0.0,0.0,0.0,88950.77049206349
101,2023-08-31,90131.06432978822,88505.31113492453,92003.3228014593,89446.69428829814,90817.83797156262,89.56823386140317,89.56823386140317,89.56823386140317,89.56823386140317,89.56823386140317,89.56823386140317,0.0,0.0,0.0,90220.63256364962
102,2023-09-30,91908.80835408418,90632.31920185924,94249.26148243267,91086.84170922908,92720.06313269553,516.4859217309838,516.4859217309838,516.4859217309838,516.4859217309838,516.4859217309838,516.4859217309838,0.0,0.0,0.0,92425.29427581516
103,2023-10-31,93745.81051252337,91645.40513826355,95416.64244397751,92826.9853330372,94683.59314134372,-204.48174452166796,-204.48174452166796,-204.48174452166796,-204.48174452166796,-204.48174452166796,-204.48174452166796,0.0,0.0,0.0,93541.32876800171
104,2023-11-30,95523.55453681939,92743.54400116214,96627.41636308056,94455.76140516116,96586.90935087328,-803.2709741104852,-803.2709741104852,-803.2709741104852,-803.2709741104852,-803.2709741104852,-803.2709741104852,0.0,0.0,0.0,94720.2835627089
105,2023-12-31,97360.55669525855,96462.7817592275,100367.99288026193,96120.7605679627,98556.7871527193,998.272328358279,998.272328358279,998.272328358279,998.272328358279,998.272328358279,998.272328358279,0.0,0.0,0.0,98358.82902361682
106,2024-01-31,99197.55885369773,96994.27593541898,101111.25067051568,97795.67040616483,100552.23432725074,-155.83467463074572,-155.83467463074572,-155.83467463074572,-155.83467463074572,-155.83467463074572,-155.83467463074572,0.0,0.0,0.0,99041.72417906698
107,2024-02-29,100916.04474385048,98506.83479590934,102898.15475792762,99340.13517650389,102461.95334032232,-215.13805586542145,-215.13805586542145,-215.13805586542145,-215.13805586542145,-215.13805586542145,-215.13805586542145,0.0,0.0,0.0,100700.90668798506
108,2024-03-31,102753.04690228967,100282.99126493206,104930.9966000879,101017.35843997984,104490.5247843169,-141.11393116660992,-141.11393116660992,-141.11393116660992,-141.11393116660992,-141.11393116660992,-141.11393116660992,0.0,0.0,0.0,102611.93297112307
109,2024-04-30,104530.79092658566,102835.58660438897,107718.41056165757,102642.9999077362,106449.61852281171,651.1347921052915,651.1347921052915,651.1347921052915,651.1347921052915,651.1347921052915,651.1347921052915,0.0,0.0,0.0,105181.92571869095
110,2024-05-31,106367.79308502482,103187.80191880015,108745.0947266346,104272.29443795669,108490.53028901615,-522.6558354726114,-522.6558354726114,-522.6558354726114,-522.6558354726114,-522.6558354726114,-522.6558354726114,0.0,0.0,0.0,105845.13724955221
111,2024-06-30,108145.53710932081,105907.15940699413,111376.97288842479,105868.50252378608,110452.57814019844,439.1618241757578,439.1618241757578,439.1618241757578,439.1618241757578,439.1618241757578,439.1618241757578,0.0,0.0,0.0,108584.69893349656
112,2024-07-31,109982.53926775996,107290.02603493913,113101.48976808213,107545.60445803747,112538.3076255102,328.63342349241327,328.63342349241327,328.63342349241327,328.63342349241327,328.63342349241327,328.63342349241327,0.0,0.0,0.0,110311.17269125237
113,2024-08-31,111819.54142619915,109031.82035455653,115057.44762041219,109154.07768610465,114567.32381810153,185.1825126960775,185.1825126960775,185.1825126960775,185.1825126960775,185.1825126960775,185.1825126960775,0.0,0.0,0.0,112004.72393889523
114,2024-09-30,113597.28545049511,110029.65476608432,116683.06677742045,110746.15105401479,116552.80526670927,-309.2006312343025,-309.2006312343025,-309.2006312343025,-309.2006312343025,-309.2006312343025,-309.2006312343025,0.0,0.0,0.0,113288.08481926081
115,2024-10-31,115434.28760893429,112394.91359124359,119386.43125952622,112342.08472304483,118637.88107679317,472.9668720244762,472.9668720244762,472.9668720244762,472.9668720244762,472.9668720244762,472.9668720244762,0.0,0.0,0.0,115907.25448095877
116,2024-11-30,117212.03163323029,112877.23073049619,120531.86627739064,113883.04501736691,120646.81823204296,-587.897450946289,-587.897450946289,-587.897450946289,-587.897450946289,-587.897450946289,-587.897450946289,0.0,0.0,0.0,116624.134182284
117,2024-12-31,119049.03379166944,115170.19601142617,123108.62630922852,115494.17625006336,122715.58214703084,-14.833731993937874,-14.833731993937874,-14.833731993937874,-14.833731993937874,-14.833731993937874,-14.833731993937874,0.0,0.0,0.0,119034.20005967551
118,2025-01-31,120886.03595010864,117649.69658679487,126078.88451659787,117084.11755739452,124768.93924047274,1015.0556611368197,1015.0556611368197,1015.0556611368197,1015.0556611368197,1015.0556611368197,1015.0556611368197,0.0,0.0,0.0,121901.09161124546
119,2025-02-28,122545.26370611822,117851.69832129056,127038.84838359465,118520.74646602385,126666.82778347628,-176.16716540447086,-176.16716540447086,-176.16716540447086,-176.16716540447086,-176.16716540447086,-176.16716540447086,0.0,0.0,0.0,122369.09654071374
120,2025-03-31,124382.26586455737,119979.87176583515,129151.72196024931,120098.13621905736,128789.88121182709,195.73216321849955,195.73216321849955,195.73216321849955,195.73216321849955,195.73216321849955,195.73216321849955,0.0,0.0,0.0,124577.99802777587
121,2025-04-30,126160.00988885335,121886.77094366746,131689.80916894073,121676.32435781806,130854.78579214147,530.1389624071451,530.1389624071451,530.1389624071451,530.1389624071451,530.1389624071451,530.1389624071451,0.0,0.0,0.0,126690.1488512605
122,2025-05-31,127997.0120472925,122392.82888470821,132773.0640951953,123243.80446554275,133006.61041876822,-516.6388901240962,-516.6388901240962,-516.6388901240962,-516.6388901240962,-516.6388901240962,-516.6388901240962,0.0,0.0,0.0,127480.3731571684
123,2025-06-30,129774.7560715885,124709.87659528953,135463.76050662796,124734.61881329471,135015.34045859473,217.21931307064375,217.21931307064375,217.21931307064375,217.21931307064375,217.21931307064375,217.21931307064375,0.0,0.0,0.0,129991.97538465915
124,2025-07-31,131611.75823002766,126516.4923874951,137643.0678676589,126342.24221604872,137125.16492334436,434.13573541435915,434.13573541435915,434.13573541435915,434.13573541435915,434.13573541435915,434.13573541435915,0.0,0.0,0.0,132045.89396544202
125,2025-08-31,133448.76038846685,127905.43161414801,139620.84451256532,127978.03921737765,139260.39385051033,150.63094542750642,150.63094542750642,150.63094542750642,150.63094542750642,150.63094542750642,150.63094542750642,0.0,0.0,0.0,133599.39133389437
126,2025-09-30,135226.50441276282,129257.51283095469,141223.86856484483,129520.80876125275,141286.47755803738,-30.775488145691426,-30.775488145691426,-30.775488145691426,-30.775488145691426,-30.775488145691426,-30.775488145691426,0.0,0.0,0.0,135195.72892461714
127,2025-10-31,137063.506571202,131017.32270931079,143809.9633972281,131098.42015403218,143382.23880725304,251.64935093030394,251.64935093030394,251.64935093030394,251.64935093030394,251.64935093030394,251.64935093030394,0.0,0.0,0.0,137315.15592213228
128,2025-11-30,138841.25059549802,131280.69936869433,144970.41926117556,132573.21367496654,145447.838466293,-664.9277620786453,-664.9277620786453,-664.9277620786453,-664.9277620786453,-664.9277620786453,-664.9277620786453,0.0,0.0,0.0,138176.32283341937
129,2025-12-31,140678.25275393718,134127.81160003872,147915.75460542866,134088.35283926845,147492.48039335385,326.63084414788443,326.63084414788443,326.63084414788443,326.63084414788443,326.63084414788443,326.63084414788443,0.0,0.0,0.0,141004.88359808506
130,2026-01-31,142515.25491237637,135750.23611452282,150532.91671071472,135638.123537349,149584.40060285112,628.2425068435472,628.2425068435472,628.2425068435472,628.2425068435472,628.2425068435472,628.2425068435472,0.0,0.0,0.0,143143.49741921993
131,2026-02-28,144174.48266838593,136688.83137573767,151834.51833810276,137074.75390662684,151463.7617304856,-128.57389448199058,-128.57389448199058,-128.57389448199058,-128.57389448199058,-128.57389448199058,-128.57389448199058,0.0,0.0,0.0,144045.90877390394
132,2026-03-31,146011.4848268251,138650.60793267298,154032.76465856633,138674.63560034262,153649.72392340505,531.6723900124181,531.6723900124181,531.6723900124181,531.6723900124181,531.6723900124181,531.6723900124181,0.0,0.0,0.0,146543.1572168375
133,2026-04-30,147789.2288511211,140229.96253632702,156561.49749655192,140141.47498815882,155822.0567690045,403.4239418598439,403.4239418598439,403.4239418598439,403.4239418598439,403.4239418598439,403.4239418598439,0.0,0.0,0.0,148192.65279298092
134,2026-05-31,149626.23100956023,140919.58392067268,157464.0663814348,141619.83477741218,158024.6049617998,-512.8722553956596,-512.8722553956596,-512.8722553956596,-512.8722553956596,-512.8722553956596,-512.8722553956596,0.0,0.0,0.0,149113.35875416457
135,2026-06-30,151403.97503385623,142958.07183405396,160385.50670409756,143040.23536382857,160076.9042957919,-2.7720756963014987,-2.7720756963014987,-2.7720756963014987,-2.7720756963014987,-2.7720756963014987,-2.7720756963014987,0.0,0.0,0.0,151401.20295815993
136,2026-07-31,153240.97719229542,144967.72572778398,162880.91808791916,144548.19903199456,162287.2242848192,543.5141845609728,543.5141845609728,543.5141845609728,543.5141845609728,543.5141845609728,543.5141845609728,0.0,0.0,0.0,153784.4913768564
137,2026-08-31,155077.9793507346,146120.77062003678,165034.7852098684,146093.94523485328,164460.7513156687,118.78038860378398,118.78038860378398,118.78038860378398,118.78038860378398,118.78038860378398,118.78038860378398,0.0,0.0,0.0,155196.75973933836
138,2026-09-30,156855.72337503056,148046.62259613836,167123.70467770108,147605.38763576763,166523.03990099014,244.539409734836,244.539409734836,244.539409734836,244.539409734836,244.539409734836,244.539409734836,0.0,0.0,0.0,157100.2627847654
139,2026-10-31,158692.72553346973,149122.93733698773,169153.14419612076,149181.96322972878,168749.48744641693,25.765229785795015,25.765229785795015,25.765229785795015,25.765229785795015,25.765229785795015,25.765229785795015,0.0,0.0,0.0,158718.4907632555
140,2026-11-30,160470.4695577657,149900.0855906778,170068.14397236687,150612.1149729471,170955.4883375083,-736.7376647551309,-736.7376647551309,-736.7376647551309,-736.7376647551309,-736.7376647551309,-736.7376647551309,0.0,0.0,0.0,159733.73189301055
141,2026-12-31,162307.47171620486,152440.04212765757,173887.71511420194,152148.15740000212,173225.61881345953,664.41777893102,664.41777893102,664.41777893102,664.41777893102,664.41777893102,664.41777893102,0.0,0.0,0.0,162971.8894951359
142,2027-01-31,164144.47387464406,154162.4950804264,175757.93392833104,153680.2717932691,175444.597929149,237.82017178683327,237.82017178683327,237.82017178683327,237.82017178683327,237.82017178683327,237.82017178683327,0.0,0.0,0.0,164382.29404643088
143,2027-02-28,165803.7016306536,155095.9131443143,177258.02194079047,155108.85663236715,177452.56363966048,-72.42859980564997,-72.42859980564997,-72.42859980564997,-72.42859980564997,-72.42859980564997,-72.42859980564997,0.0,0.0,0.0,165731.27303084795
144,2027-03-31,167640.7037890928,157102.37164324173,180690.00716321316,156640.31282133207,179681.32106878777,866.3234074459577,866.3234074459577,866.3234074459577,866.3234074459577,866.3234074459577,866.3234074459577,0.0,0.0,0.0,168507.02719653875
145,2027-04-30,169418.44781338878,157971.03984660454,181865.7648141102,157985.29409387129,181807.59912718923,271.0559420526403,271.0559420526403,271.0559420526403,271.0559420526403,271.0559420526403,271.0559420526403,0.0,0.0,0.0,169689.5037554414
146,2027-05-31,171255.44997182794,159037.60504623494,183526.44611714222,159420.7109237095,183995.30311334284,-511.2657307745809,-511.2657307745809,-511.2657307745809,-511.2657307745809,-511.2657307745809,-511.2657307745809,0.0,0.0,0.0,170744.18424105336
147,2027-06-30,173033.1939961239,160409.57252200946,185853.52329215658,160762.6249460451,186065.02529639617,-220.57876445734954,-220.57876445734954,-220.57876445734954,-220.57876445734954,-220.57876445734954,-220.57876445734954,0.0,0.0,0.0,172812.61523166657
148,2027-07-31,174870.1961545631,162796.98125048715,188848.89390394956,162228.62897553926,188251.96028149317,656.7083207112852,656.7083207112852,656.7083207112852,656.7083207112852,656.7083207112852,656.7083207112852,0.0,0.0,0.0,175526.90447527438
149,2027-08-31,176707.1983130023,163744.17359985007,190687.7084818273,163696.3651928603,190332.55137898217,89.56823386167088,89.56823386167088,89.56823386167088,89.56823386167088,89.56823386167088,89.56823386167088,0.0,0.0,0.0,176796.76654686398
150,2027-09-30,178484.9423372983,165720.36933488582,193281.82151779343,165110.63519636888,192432.70643819694,516.4859217320113,516.4859217320113,516.4859217320113,516.4859217320113,516.4859217320113,516.4859217320113,0.0,0.0,0.0,179001.4282590303
151,2027-10-31,180321.94449573744,166274.54213437904,194672.3155574125,166534.52933748736,194787.6088814896,-204.48174452001788,-204.48174452001788,-204.48174452001788,-204.48174452001788,-204.48174452001788,-204.48174452001788,0.0,0.0,0.0,180117.46275121742
152,2027-11-30,182099.68852003347,166888.17408915597,196295.30825203017,167938.8829370352,197043.74474394394,-803.2709741103222,-803.2709741103222,-803.2709741103222,-803.2709741103222,-803.2709741103222,-803.2709741103222,0.0,0.0,0.0,181296.41754592315
153,2027-12-31,183936.69067847266,170493.1192417923,199883.42781778003,169533.53715386515,199270.71598493357,998.2723283587432,998.2723283587432,998.2723283587432,998.2723283587432,998.2723283587432,998.2723283587432,0.0,0.0,0.0,184934.9630068314
